
INSERT INTO Nivel(numero, nombre) VALUES
                                      (1, 'Tierra del Fuego'),
                                      (2, 'Santa Cruz'),
                                      (3, 'Chubut'),
                                      (4, 'Rio Negro'),
                                      (5, 'Neuquen'),
                                      (6, 'La Pampa'),
                                      (7, 'Buenos Aires'),
                                      (8, 'Cordoba'),
                                      (9, 'Santa Fe'),
                                      (10, 'Entre Rios'),
                                      (11, 'Corrientes'),
                                      (12, 'Misiones'),
                                      (13, 'Formosa'),
                                      (14, 'Chaco'),
                                      (15, 'Santiago del Estero'),
                                      (16, 'Tucuma'),
                                      (17, 'Catamarca'),
                                      (18, 'La Rioja'),
                                      (19, 'San Juan'),
                                      (20, 'San Luis'),
                                      (21, 'Mendoza'),
                                      (22, 'Salta'),
                                      (23, 'Jujuy');

INSERT INTO Usuario(email, password, rol, activo, nivel_numero) VALUES('test@unlam.edu.ar', 'test', 'ADMIN', true, 1);

INSERT INTO Pregunta (descripcion, fase, nivel_numero)
VALUES
    ('¿En qué año se estableció oficialmente la provincia de Tierra del Fuego?', 1, 1),
    ('¿Cuál de las siguientes actividades ha sido históricamente fundamental para la economía de Santa Cruz?', 2, 2),
    ('¿Qué explorador galés lideró el desembarco en la colonia galesa de Chubut en 1865?', 3, 3),
    ('¿Cuál fue el principal hecho histórico que llevó a la creación de la provincia de Río Negro en 1957?', 1, 4),
    ('¿Qué recurso natural ha sido crucial para el desarrollo económico de Neuquén en las últimas décadas?', 2, 5),
    ('¿Cuál fue el conflicto histórico que involucró a La Pampa y que tuvo lugar en la segunda mitad del siglo XIX?', 3, 6),
    ('¿Qué importante evento histórico tuvo lugar en la ciudad de Buenos Aires el 25 de mayo de 1810?', 1, 7),
    ('¿Cuál es el nombre de la formación rocosa emblemática en la provincia de Córdoba, conocida por sus formas caprichosas y su valor paisajístico?', 2, 8),
    ('¿Qué destacado líder independentista argentino tuvo un papel importante en la liberación de Santa Fe y fue gobernador de la provincia en el siglo XIX?', 3, 9),
    ('¿Cuál fue el papel clave que jugó Entre Ríos durante las guerras de independencia en el siglo XIX en Argentina?', 1, 10),
    ('¿En qué conflicto bélico del siglo XIX participó la provincia de Corrientes, siendo escenario de importantes enfrentamientos?', 2, 11),
    ('¿Qué famosas ruinas jesuíticas se encuentran en la provincia de Misiones y son Patrimonio de la Humanidad?', 3, 12),
    ('¿Qué hecho histórico marcó el proceso de colonización en la provincia de Formosa durante el siglo XIX?', 1, 13),
    ('¿Cuál fue uno de los eventos históricos destacados en la provincia de Chaco durante la "Conquista del Desierto" a finales del siglo XIX?', 2, 14),
    ('¿Cuál es el río más importante que atraviesa la provincia de Santiago del Estero?', 3, 15),
    ('¿Cuál fue el líder militar argentino que dirigió las fuerzas en la Batalla de Tucumán durante la Independencia?', 1, 16),
    ('¿Cuál es el nombre de la célebre formación rocosa ubicada en Catamarca, conocida por sus extrañas formas y colores?', 2, 17),
    ('¿Qué parque nacional se encuentra en la provincia de La Rioja y es conocido por su impactante relieve?', 3, 18),
    ('¿Cuál de las siguientes opciones describe un hecho histórico destacado en la provincia de San Juan?', 1, 19),
    ('¿Qué importante cordillera se extiende por la provincia de San Luis?', 2, 20),
    ('¿En qué año se fundó la ciudad de Mendoza?', 3, 21),
    ('¿Cuál es el nombre del salar más grande de Argentina, ubicado en la provincia de Salta?', 1, 22),
    ('¿En qué año se llevó a cabo el Éxodo Jujeño, un episodio clave durante las guerras de la independencia argentina?', 2, 23);


INSERT INTO Respuesta (descripcion, esCorrecta, id_pregunta)
VALUES
    ('1990', 0, 1),
    ('1955', 0, 1),
    ('1991', 1, 1),
    ('2001', 0, 1),
    ('Minería', 1, 2),
    ('Agricultura', 0, 2),
    ('Pesca', 0, 2),
    ('Ganadería', 0, 2),
    ('Irlandeses', 0, 3),
    ( 'Escoceses', 0, 3),
    ( 'Italianos', 0, 3),
    ( 'Galeses', 1, 3),
    ( 'Descubrimiento de petróleo', 0, 4),
    ( 'Construcción de la línea de ferrocarril', 0, 4),
    ( 'Fundación de la ciudad de Viedma', 0, 4),
    ( 'División de la provincia de Buenos Aires', 1, 4),
    ( 'Oro', 0, 5),
    ( 'Gas natural', 1, 5),
    ( 'Trigo', 0, 5),
    ( 'Diamantes', 0, 5),
    ( 'Guerra del Paraguay', 0, 6),
    ( 'Guerra de la Triple Alianza', 0, 6),
    ( 'Conquista del Desierto', 1, 6),
    ( 'Revolución de Mayo', 0, 6),
    ( 'Independencia de Argentina', 0, 7),
    ( 'Revolución de Mayo', 1, 7),
    ( 'Descubrimiento de América', 0, 7),
    ( 'Tratado de Tordesillas', 0, 7),
    ( 'a) Sierra de los Comechingones', 1, 8),
    ( 'b) Sierra de las Quijadas', 0, 8),
    ( 'c) Sierra de la Ventana', 0, 8),
    ( 'd) Sierra de Córdoba', 0, 8),
    ( 'a) Estanislao López', 1, 9),
    ( 'b) José de San Martín', 0, 9),
    ( 'c) Juan Manuel de Rosas', 0, 9),
    ( 'd) Manuel Belgrano', 0, 9),
    ( 'a) Fue sede del Congreso de Tucumán', 0, 10),
    ( 'b) Fue el lugar de nacimiento de José de San Martín', 0, 10),
    ( 'c) Fue el último bastión realista en la región', 1, 10),
    ( 'd) Fue la primera provincia en declarar su independencia', 0, 10),
    ( 'a) Guerra del Paraguay', 0, 11),
    ( 'b) Guerra de la Triple Alianza', 1, 11),
    ( 'c) Revolución de Mayo', 0, 11),
    ( 'd) Conquista del Desierto', 0, 11),
    ( 'a) Ruinas de Quilmes', 0, 12),
    ( 'b) Ruinas de San Ignacio Miní', 1, 12),
    ( 'c) Ruinas de Santa Rosa', 0, 12),
    ( 'd) Ruinas de San Francisco', 0, 12),
    ( 'a) La fundación de la ciudad de Formosa', 0, 13),
    ( 'b) La firma del Tratado de Paz del Pilcomayo', 0, 13),
    ( 'c) La construcción del Ferrocarril Transístmico', 0, 13),
    ( 'd) Los enfrentamientos con pueblos originarios', 1, 13),
    ( 'a) La firma del Tratado del Pilcomayo', 0, 14),
    ( 'b) La Resistencia Qom', 1, 14),
    ( 'c) La Batalla de Charata', 0, 14),
    ( 'd) La fundación de Resistencia', 0, 14),
    ( 'Río Salado', 0, 15),
    ( 'Río Pilcomayo', 0, 15),
    ( 'Río Dulce', 1, 15),
    ( 'Río Paraná', 0, 15),
    ( 'José de San Martín', 0, 16),
    ( 'Manuel Belgrano', 1, 16),
    ( 'Martín Miguel de Güemes', 0, 16),
    ( 'Juan Bautista Alberdi', 0, 16),
    ( 'Cerro de los Siete Colores', 0, 17),
    ( 'Quebrada de Humahuaca', 0, 17),
    ( 'Campo de Piedra Pómez', 1, 17),
    ( 'Valle de la Luna', 0, 17),
    ( 'Parque Nacional Talampaya', 1, 18),
    ( 'Parque Nacional Los Alerces', 0, 18),
    ( 'Parque Nacional Nahuel Huapi', 0, 18),
    ( 'Parque Nacional Los Glaciares', 0, 18),
    ( 'Fundación de la ciudad', 0, 19),
    ( 'Batalla de Tucumán', 0, 19),
    ( 'Terremoto de 1944', 1, 19),
    ( 'Descubrimiento de minerales', 0, 19),
    ( 'Cordillera de los Andes', 0, 20),
    ( 'Sierra de la Ventana', 0, 20),
    ( 'Sierra de las Quijadas', 0, 20),
    ( 'Sierra de los Comechingones', 1, 20),
    ( '1492', 0, 21),
    ( '1561', 1, 21),
    ( '1600', 0, 21),
    ( '1563', 0, 21),
    ( 'Salar de Uyuni', 0, 22),
    ( 'Salar de Atacama', 0, 22),
    ( 'Salar del Hombre Muerto', 1, 22),
    ( 'Salar de Arizaro', 0, 22),
    ( '1810', 0, 23),
    ( '1812', 1, 23),
    ( '1814', 0, 23),
    ( '1816', 0, 23);


